[
  { "type": "constructor", "inputs": [], "stateMutability": "nonpayable" },
  {
    "type": "function",
    "name": "announceWinners",
    "inputs": [
      { "name": "giveawayId", "type": "uint256", "internalType": "uint256" },
      {
        "name": "participants",
        "type": "address[]",
        "internalType": "address[]"
      }
    ],
    "outputs": [],
    "stateMutability": "nonpayable"
  },
  {
    "type": "function",
    "name": "announcedWinners",
    "inputs": [
      { "name": "", "type": "uint256", "internalType": "uint256" },
      { "name": "", "type": "uint256", "internalType": "uint256" }
    ],
    "outputs": [{ "name": "", "type": "address", "internalType": "address" }],
    "stateMutability": "view"
  },
  {
    "type": "function",
    "name": "claimReward",
    "inputs": [
      { "name": "giveawayId", "type": "uint256", "internalType": "uint256" }
    ],
    "outputs": [],
    "stateMutability": "nonpayable"
  },
  {
    "type": "function",
    "name": "createGiveaway",
    "inputs": [
      { "name": "token", "type": "address", "internalType": "address" },
      { "name": "totalAmount", "type": "uint256", "internalType": "uint256" },
      {
        "name": "winnersCount",
        "type": "uint256",
        "internalType": "uint256"
      },
      { "name": "endTime", "type": "uint256", "internalType": "uint256" },
      { "name": "isPrivate", "type": "bool", "internalType": "bool" }
    ],
    "outputs": [
      { "name": "giveawayId", "type": "uint256", "internalType": "uint256" }
    ],
    "stateMutability": "nonpayable"
  },
  {
    "type": "function",
    "name": "disposeGiveaway",
    "inputs": [
      { "name": "giveawayId", "type": "uint256", "internalType": "uint256" }
    ],
    "outputs": [],
    "stateMutability": "nonpayable"
  },
  {
    "type": "function",
    "name": "endGiveaway",
    "inputs": [
      { "name": "giveawayId", "type": "uint256", "internalType": "uint256" }
    ],
    "outputs": [],
    "stateMutability": "nonpayable"
  },
  {
    "type": "function",
    "name": "getAnnouncedWinners",
    "inputs": [
      { "name": "giveawayId", "type": "uint256", "internalType": "uint256" }
    ],
    "outputs": [
      { "name": "", "type": "address[]", "internalType": "address[]" }
    ],
    "stateMutability": "view"
  },
  {
    "type": "function",
    "name": "getRewardPerWinner",
    "inputs": [
      { "name": "giveawayId", "type": "uint256", "internalType": "uint256" }
    ],
    "outputs": [{ "name": "", "type": "uint256", "internalType": "uint256" }],
    "stateMutability": "view"
  },
  {
    "type": "function",
    "name": "getTotalGiveaways",
    "inputs": [],
    "outputs": [{ "name": "", "type": "uint256", "internalType": "uint256" }],
    "stateMutability": "view"
  },
  {
    "type": "function",
    "name": "giveaways",
    "inputs": [{ "name": "", "type": "uint256", "internalType": "uint256" }],
    "outputs": [
      { "name": "creator", "type": "address", "internalType": "address" },
      {
        "name": "token",
        "type": "address",
        "internalType": "contract IERC20"
      },
      { "name": "totalAmount", "type": "uint256", "internalType": "uint256" },
      {
        "name": "winnersCount",
        "type": "uint256",
        "internalType": "uint256"
      },
      {
        "name": "claimedCount",
        "type": "uint256",
        "internalType": "uint256"
      },
      { "name": "endTime", "type": "uint256", "internalType": "uint256" },
      { "name": "isPrivate", "type": "bool", "internalType": "bool" },
      { "name": "active", "type": "bool", "internalType": "bool" },
      { "name": "disposed", "type": "bool", "internalType": "bool" }
    ],
    "stateMutability": "view"
  },
  {
    "type": "function",
    "name": "hasClaimed",
    "inputs": [
      { "name": "", "type": "uint256", "internalType": "uint256" },
      { "name": "", "type": "address", "internalType": "address" }
    ],
    "outputs": [{ "name": "", "type": "bool", "internalType": "bool" }],
    "stateMutability": "view"
  },
  {
    "type": "function",
    "name": "isGiveawayExpired",
    "inputs": [
      { "name": "giveawayId", "type": "uint256", "internalType": "uint256" }
    ],
    "outputs": [{ "name": "", "type": "bool", "internalType": "bool" }],
    "stateMutability": "view"
  },
  {
    "type": "function",
    "name": "owner",
    "inputs": [],
    "outputs": [{ "name": "", "type": "address", "internalType": "address" }],
    "stateMutability": "view"
  },
  {
    "type": "function",
    "name": "renounceOwnership",
    "inputs": [],
    "outputs": [],
    "stateMutability": "nonpayable"
  },
  {
    "type": "function",
    "name": "requestRandomness",
    "inputs": [
      { "name": "giveawayId", "type": "uint256", "internalType": "uint256" }
    ],
    "outputs": [],
    "stateMutability": "nonpayable"
  },
  {
    "type": "function",
    "name": "transferOwnership",
    "inputs": [
      { "name": "newOwner", "type": "address", "internalType": "address" }
    ],
    "outputs": [],
    "stateMutability": "nonpayable"
  },
  {
    "type": "event",
    "name": "GiveawayCreated",
    "inputs": [
      {
        "name": "id",
        "type": "uint256",
        "indexed": true,
        "internalType": "uint256"
      },
      {
        "name": "creator",
        "type": "address",
        "indexed": true,
        "internalType": "address"
      },
      {
        "name": "token",
        "type": "address",
        "indexed": true,
        "internalType": "address"
      },
      {
        "name": "totalAmount",
        "type": "uint256",
        "indexed": false,
        "internalType": "uint256"
      },
      {
        "name": "winnersCount",
        "type": "uint256",
        "indexed": false,
        "internalType": "uint256"
      },
      {
        "name": "endTime",
        "type": "uint256",
        "indexed": false,
        "internalType": "uint256"
      }
    ],
    "anonymous": false
  },
  {
    "type": "event",
    "name": "GiveawayDisposed",
    "inputs": [
      {
        "name": "id",
        "type": "uint256",
        "indexed": true,
        "internalType": "uint256"
      },
      {
        "name": "leftoverTokens",
        "type": "uint256",
        "indexed": false,
        "internalType": "uint256"
      }
    ],
    "anonymous": false
  },
  {
    "type": "event",
    "name": "GiveawayEnded",
    "inputs": [
      {
        "name": "id",
        "type": "uint256",
        "indexed": true,
        "internalType": "uint256"
      },
      {
        "name": "expired",
        "type": "bool",
        "indexed": false,
        "internalType": "bool"
      }
    ],
    "anonymous": false
  },
  {
    "type": "event",
    "name": "OwnershipTransferred",
    "inputs": [
      {
        "name": "previousOwner",
        "type": "address",
        "indexed": true,
        "internalType": "address"
      },
      {
        "name": "newOwner",
        "type": "address",
        "indexed": true,
        "internalType": "address"
      }
    ],
    "anonymous": false
  },
  {
    "type": "event",
    "name": "RewardClaimed",
    "inputs": [
      {
        "name": "id",
        "type": "uint256",
        "indexed": true,
        "internalType": "uint256"
      },
      {
        "name": "winner",
        "type": "address",
        "indexed": true,
        "internalType": "address"
      },
      {
        "name": "amount",
        "type": "uint256",
        "indexed": false,
        "internalType": "uint256"
      }
    ],
    "anonymous": false
  },
  {
    "type": "event",
    "name": "WinnersAnnounced",
    "inputs": [
      {
        "name": "id",
        "type": "uint256",
        "indexed": true,
        "internalType": "uint256"
      },
      {
        "name": "winners",
        "type": "address[]",
        "indexed": false,
        "internalType": "address[]"
      }
    ],
    "anonymous": false
  },
  {
    "type": "error",
    "name": "OwnableInvalidOwner",
    "inputs": [
      { "name": "owner", "type": "address", "internalType": "address" }
    ]
  },
  {
    "type": "error",
    "name": "OwnableUnauthorizedAccount",
    "inputs": [
      { "name": "account", "type": "address", "internalType": "address" }
    ]
  },
  { "type": "error", "name": "ReentrancyGuardReentrantCall", "inputs": [] },
  {
    "type": "error",
    "name": "SafeERC20FailedOperation",
    "inputs": [
      { "name": "token", "type": "address", "internalType": "address" }
    ]
  }
]
