[
  {
    "type": "constructor",
    "inputs": [
      {
        "name": "_usernameRegistry",
        "type": "address",
        "internalType": "address"
      }
    ],
    "stateMutability": "nonpayable"
  },
  {
    "type": "function",
    "name": "batchSendToUsernames",
    "inputs": [
      { "name": "token", "type": "address", "internalType": "address" },
      {
        "name": "recipients",
        "type": "string[]",
        "internalType": "string[]"
      },
      { "name": "amounts", "type": "uint256[]", "internalType": "uint256[]" },
      { "name": "notes", "type": "string[]", "internalType": "string[]" }
    ],
    "outputs": [],
    "stateMutability": "nonpayable"
  },
  {
    "type": "function",
    "name": "calculateBatchTotal",
    "inputs": [
      { "name": "amounts", "type": "uint256[]", "internalType": "uint256[]" }
    ],
    "outputs": [{ "name": "", "type": "uint256", "internalType": "uint256" }],
    "stateMutability": "pure"
  },
  {
    "type": "function",
    "name": "getUsernameOf",
    "inputs": [
      { "name": "user", "type": "address", "internalType": "address" }
    ],
    "outputs": [{ "name": "", "type": "string", "internalType": "string" }],
    "stateMutability": "view"
  },
  {
    "type": "function",
    "name": "isUsernameRegistered",
    "inputs": [
      { "name": "username", "type": "string", "internalType": "string" }
    ],
    "outputs": [{ "name": "", "type": "bool", "internalType": "bool" }],
    "stateMutability": "view"
  },
  {
    "type": "function",
    "name": "resolveUsername",
    "inputs": [
      { "name": "username", "type": "string", "internalType": "string" }
    ],
    "outputs": [{ "name": "", "type": "address", "internalType": "address" }],
    "stateMutability": "view"
  },
  {
    "type": "function",
    "name": "sendBetweenUsernames",
    "inputs": [
      { "name": "token", "type": "address", "internalType": "address" },
      { "name": "fromUsername", "type": "string", "internalType": "string" },
      { "name": "toUsername", "type": "string", "internalType": "string" },
      { "name": "amount", "type": "uint256", "internalType": "uint256" },
      { "name": "note", "type": "string", "internalType": "string" }
    ],
    "outputs": [],
    "stateMutability": "nonpayable"
  },
  {
    "type": "function",
    "name": "sendToUsername",
    "inputs": [
      { "name": "token", "type": "address", "internalType": "address" },
      {
        "name": "recipientIdentifier",
        "type": "string",
        "internalType": "string"
      },
      { "name": "amount", "type": "uint256", "internalType": "uint256" },
      { "name": "note", "type": "string", "internalType": "string" }
    ],
    "outputs": [],
    "stateMutability": "nonpayable"
  },
  {
    "type": "function",
    "name": "sendToUsernameFrom",
    "inputs": [
      { "name": "token", "type": "address", "internalType": "address" },
      { "name": "from", "type": "address", "internalType": "address" },
      {
        "name": "recipientIdentifier",
        "type": "string",
        "internalType": "string"
      },
      { "name": "amount", "type": "uint256", "internalType": "uint256" },
      { "name": "note", "type": "string", "internalType": "string" }
    ],
    "outputs": [],
    "stateMutability": "nonpayable"
  },
  {
    "type": "function",
    "name": "usernameRegistry",
    "inputs": [],
    "outputs": [
      {
        "name": "",
        "type": "address",
        "internalType": "contract UsernameRegistry"
      }
    ],
    "stateMutability": "view"
  },
  {
    "type": "function",
    "name": "validateRecipient",
    "inputs": [
      { "name": "username", "type": "string", "internalType": "string" }
    ],
    "outputs": [
      { "name": "isValid", "type": "bool", "internalType": "bool" },
      {
        "name": "recipientAddress",
        "type": "address",
        "internalType": "address"
      },
      {
        "name": "recipientUsername",
        "type": "string",
        "internalType": "string"
      }
    ],
    "stateMutability": "view"
  },
  {
    "type": "event",
    "name": "BatchPaymentCompleted",
    "inputs": [
      {
        "name": "token",
        "type": "address",
        "indexed": true,
        "internalType": "address"
      },
      {
        "name": "from",
        "type": "address",
        "indexed": true,
        "internalType": "address"
      },
      {
        "name": "recipientCount",
        "type": "uint256",
        "indexed": false,
        "internalType": "uint256"
      },
      {
        "name": "totalAmount",
        "type": "uint256",
        "indexed": false,
        "internalType": "uint256"
      }
    ],
    "anonymous": false
  },
  {
    "type": "event",
    "name": "TokensSentBetweenUsernames",
    "inputs": [
      {
        "name": "token",
        "type": "address",
        "indexed": true,
        "internalType": "address"
      },
      {
        "name": "fromUsername",
        "type": "string",
        "indexed": false,
        "internalType": "string"
      },
      {
        "name": "fromAddress",
        "type": "address",
        "indexed": true,
        "internalType": "address"
      },
      {
        "name": "toUsername",
        "type": "string",
        "indexed": false,
        "internalType": "string"
      },
      {
        "name": "toAddress",
        "type": "address",
        "indexed": true,
        "internalType": "address"
      },
      {
        "name": "amount",
        "type": "uint256",
        "indexed": false,
        "internalType": "uint256"
      },
      {
        "name": "note",
        "type": "string",
        "indexed": false,
        "internalType": "string"
      }
    ],
    "anonymous": false
  },
  {
    "type": "event",
    "name": "TokensSentToUsername",
    "inputs": [
      {
        "name": "token",
        "type": "address",
        "indexed": true,
        "internalType": "address"
      },
      {
        "name": "from",
        "type": "address",
        "indexed": true,
        "internalType": "address"
      },
      {
        "name": "toUsername",
        "type": "string",
        "indexed": false,
        "internalType": "string"
      },
      {
        "name": "toAddress",
        "type": "address",
        "indexed": true,
        "internalType": "address"
      },
      {
        "name": "amount",
        "type": "uint256",
        "indexed": false,
        "internalType": "uint256"
      },
      {
        "name": "note",
        "type": "string",
        "indexed": false,
        "internalType": "string"
      }
    ],
    "anonymous": false
  },
  { "type": "error", "name": "ReentrancyGuardReentrantCall", "inputs": [] },
  {
    "type": "error",
    "name": "SafeERC20FailedOperation",
    "inputs": [
      { "name": "token", "type": "address", "internalType": "address" }
    ]
  }
]
