[
  { "type": "constructor", "inputs": [], "stateMutability": "nonpayable" },
  {
    "type": "function",
    "name": "MAX_USERNAME_LENGTH",
    "inputs": [],
    "outputs": [{ "name": "", "type": "uint256", "internalType": "uint256" }],
    "stateMutability": "view"
  },
  {
    "type": "function",
    "name": "MIN_USERNAME_LENGTH",
    "inputs": [],
    "outputs": [{ "name": "", "type": "uint256", "internalType": "uint256" }],
    "stateMutability": "view"
  },
  {
    "type": "function",
    "name": "deleteUsername",
    "inputs": [],
    "outputs": [],
    "stateMutability": "nonpayable"
  },
  {
    "type": "function",
    "name": "getUsernameOf",
    "inputs": [
      { "name": "user", "type": "address", "internalType": "address" }
    ],
    "outputs": [{ "name": "", "type": "string", "internalType": "string" }],
    "stateMutability": "view"
  },
  {
    "type": "function",
    "name": "isUsernameAvailable",
    "inputs": [
      { "name": "username", "type": "string", "internalType": "string" }
    ],
    "outputs": [{ "name": "", "type": "bool", "internalType": "bool" }],
    "stateMutability": "view"
  },
  {
    "type": "function",
    "name": "owner",
    "inputs": [],
    "outputs": [{ "name": "", "type": "address", "internalType": "address" }],
    "stateMutability": "view"
  },
  {
    "type": "function",
    "name": "registerUsername",
    "inputs": [
      { "name": "username", "type": "string", "internalType": "string" }
    ],
    "outputs": [],
    "stateMutability": "nonpayable"
  },
  {
    "type": "function",
    "name": "renounceOwnership",
    "inputs": [],
    "outputs": [],
    "stateMutability": "nonpayable"
  },
  {
    "type": "function",
    "name": "resolveUsername",
    "inputs": [
      { "name": "username", "type": "string", "internalType": "string" }
    ],
    "outputs": [{ "name": "", "type": "address", "internalType": "address" }],
    "stateMutability": "view"
  },
  {
    "type": "function",
    "name": "transferOwnership",
    "inputs": [
      { "name": "newOwner", "type": "address", "internalType": "address" }
    ],
    "outputs": [],
    "stateMutability": "nonpayable"
  },
  {
    "type": "function",
    "name": "updateUsername",
    "inputs": [
      { "name": "newUsername", "type": "string", "internalType": "string" }
    ],
    "outputs": [],
    "stateMutability": "nonpayable"
  },
  {
    "type": "event",
    "name": "OwnershipTransferred",
    "inputs": [
      {
        "name": "previousOwner",
        "type": "address",
        "indexed": true,
        "internalType": "address"
      },
      {
        "name": "newOwner",
        "type": "address",
        "indexed": true,
        "internalType": "address"
      }
    ],
    "anonymous": false
  },
  {
    "type": "event",
    "name": "UsernameDeleted",
    "inputs": [
      {
        "name": "user",
        "type": "address",
        "indexed": true,
        "internalType": "address"
      },
      {
        "name": "username",
        "type": "string",
        "indexed": false,
        "internalType": "string"
      }
    ],
    "anonymous": false
  },
  {
    "type": "event",
    "name": "UsernameRegistered",
    "inputs": [
      {
        "name": "user",
        "type": "address",
        "indexed": true,
        "internalType": "address"
      },
      {
        "name": "username",
        "type": "string",
        "indexed": false,
        "internalType": "string"
      }
    ],
    "anonymous": false
  },
  {
    "type": "event",
    "name": "UsernameUpdated",
    "inputs": [
      {
        "name": "user",
        "type": "address",
        "indexed": true,
        "internalType": "address"
      },
      {
        "name": "oldUsername",
        "type": "string",
        "indexed": false,
        "internalType": "string"
      },
      {
        "name": "newUsername",
        "type": "string",
        "indexed": false,
        "internalType": "string"
      }
    ],
    "anonymous": false
  },
  {
    "type": "error",
    "name": "OwnableInvalidOwner",
    "inputs": [
      { "name": "owner", "type": "address", "internalType": "address" }
    ]
  },
  {
    "type": "error",
    "name": "OwnableUnauthorizedAccount",
    "inputs": [
      { "name": "account", "type": "address", "internalType": "address" }
    ]
  }
]
